{
  "project_info": {
    "project_number": "1007594495571",
    "project_id": "applicationquestionnairesgmu",
    "storage_bucket": "applicationquestionnairesgmu.appspot.com"
  },
  "client": [
    {
      "client_info": {
        "mobilesdk_app_id": "1:1007594495571:android:cfbe1dd262bac417ebf0a6",
        "android_client_info": {
          "package_name": "com.example.applicationquestionnairesgmu"
        }
      },
      "oauth_client": [],
      "api_key": [
        {
          "current_key": "AIzaSyD3foRZlAZeH3vGWccEQ_srg6QdOrfkQnc"
        }
      ],
      "services": {
        "appinvite_service": {
          "other_platform_oauth_client": []
        }
      }
    }
  ],
  "configuration_version": "1"
}